{
  "n_observations": 344,
  "n_panels": 10,
  "human_noise_floor": {
    "mae": 20.052233676975945,
    "cv_median_pct": 34.55045424532647,
    "cv_mean_pct": 42.307878965337814,
    "n_pairs": 291
  },
  "models": {
    "global_median": {
      "mae": 23.298741439101043,
      "per_panel_mae": {
        "PCK01K": 14.76923076923077,
        "PCK02K": 29.153846153846153,
        "PCL01K": 21.029411764705884,
        "PCL02K": 29.692307692307693,
        "PCT01K": 17.09433962264151,
        "PG02K": 29.28205128205128,
        "PG03K": 18.452380952380953,
        "PG04K": 19.076923076923077,
        "PL01K": 36.07692307692308,
        "PS01K": 18.36
      },
      "fold_min": 14.76923076923077,
      "fold_max": 36.07692307692308
    },
    "per_op_median": {
      "mae": 15.872616909172956,
      "per_panel_mae": {
        "PCK01K": 8.846153846153847,
        "PCK02K": 21.76923076923077,
        "PCL01K": 12.985294117647058,
        "PCL02K": 22.46153846153846,
        "PCT01K": 13.377358490566039,
        "PG02K": 22.94871794871795,
        "PG03K": 7.380952380952381,
        "PG04K": 8.384615384615385,
        "PL01K": 29.692307692307693,
        "PS01K": 10.88
      },
      "fold_min": 7.380952380952381,
      "fold_max": 29.692307692307693
    },
    "model_lgbm": {
      "mae": 14.830372785267638,
      "per_panel_mae": {
        "PCK01K": 5.9392228441961885,
        "PCK02K": 24.264480345451986,
        "PCL01K": 11.882273805148275,
        "PCL02K": 19.06040332707042,
        "PCT01K": 12.880078124398212,
        "PG02K": 22.569032922022018,
        "PG03K": 7.805260062148021,
        "PG04K": 8.828713356596227,
        "PL01K": 25.533392975299424,
        "PS01K": 9.540870090345617
      },
      "fold_min": 5.9392228441961885,
      "fold_max": 25.533392975299424
    }
  },
  "interval_p10_p90": {
    "coverage_pct": 73.83720930232558,
    "mean_width_sec": 41.73081395348838
  }
}