{
  "n_rows": 134,
  "n_features": 22,
  "n_panels": 10,
  "fold_panels": [
    "ECO_PCT01K",
    "PCK02K",
    "PCL01K",
    "PCL02K",
    "PCT01K",
    "PG02K",
    "PG03K",
    "PG04K",
    "PL01K",
    "PS01K"
  ],
  "fold_placagem_dupla": [
    false,
    true,
    true,
    true,
    true,
    true,
    true,
    true,
    true,
    true
  ],
  "models": {
    "catboost": {
      "cv_mae": 15.793151197477064,
      "fold_maes": [
        10.969789011509135,
        19.98888681069005,
        9.415951561110633,
        21.9851672116501,
        13.158316148024259,
        23.202769125126874,
        8.857345444898568,
        11.442240205362575,
        24.65554827919914,
        14.255498177199321
      ],
      "best_params": {
        "iterations": 156,
        "depth": 2,
        "learning_rate": 0.1024932221692416,
        "l2_leaf_reg": 4.961372443656412
      },
      "stratified": {
        "true_mae": 16.329080329251283,
        "false_mae": 10.969789011509135,
        "per_panel": {
          "ECO_PCT01K": 10.969789011509135,
          "PCK02K": 19.98888681069005,
          "PCL01K": 9.415951561110633,
          "PCL02K": 21.9851672116501,
          "PCT01K": 13.158316148024259,
          "PG02K": 23.202769125126874,
          "PG03K": 8.857345444898568,
          "PG04K": 11.442240205362575,
          "PL01K": 24.65554827919914,
          "PS01K": 14.255498177199321
        }
      }
    },
    "lightgbm": {
      "cv_mae": 14.362391596131422,
      "fold_maes": [
        12.57552461698732,
        18.387225308498362,
        5.533645059894208,
        18.143805771743526,
        17.970731799295553,
        19.88293871169004,
        7.503884420008657,
        8.665732492468235,
        21.45184993451393,
        13.508577846214362
      ],
      "best_params": {
        "n_estimators": 330,
        "max_depth": 3,
        "learning_rate": 0.04836575450156083,
        "num_leaves": 13,
        "min_child_samples": 3,
        "reg_alpha": 1.687626882174495
      },
      "stratified": {
        "true_mae": 14.560932371591877,
        "false_mae": 12.57552461698732,
        "per_panel": {
          "ECO_PCT01K": 12.57552461698732,
          "PCK02K": 18.387225308498362,
          "PCL01K": 5.533645059894208,
          "PCL02K": 18.143805771743526,
          "PCT01K": 17.970731799295553,
          "PG02K": 19.88293871169004,
          "PG03K": 7.503884420008657,
          "PG04K": 8.665732492468235,
          "PL01K": 21.45184993451393,
          "PS01K": 13.508577846214362
        }
      }
    },
    "xgboost": {
      "cv_mae": 14.700437740563473,
      "fold_maes": [
        10.747504711151123,
        19.803417205810547,
        5.8140058608282175,
        18.94061587407039,
        17.433746778048,
        21.98179658253988,
        7.082723367781866,
        8.798623891977163,
        24.47233295440674,
        11.92961017902081
      ],
      "best_params": {
        "n_estimators": 139,
        "max_depth": 5,
        "learning_rate": 0.039470677007355015,
        "reg_alpha": 2.3111873987973865,
        "reg_lambda": 3.23127328188482,
        "min_child_weight": 1.0775581943040944
      },
      "stratified": {
        "true_mae": 15.139652521609289,
        "false_mae": 10.747504711151123,
        "per_panel": {
          "ECO_PCT01K": 10.747504711151123,
          "PCK02K": 19.803417205810547,
          "PCL01K": 5.8140058608282175,
          "PCL02K": 18.94061587407039,
          "PCT01K": 17.433746778048,
          "PG02K": 21.98179658253988,
          "PG03K": 7.082723367781866,
          "PG04K": 8.798623891977163,
          "PL01K": 24.47233295440674,
          "PS01K": 11.92961017902081
        }
      }
    },
    "ensemble": {
      "cv_mae": 14.513424681333348,
      "fold_maes": [
        11.263073207765116,
        19.222561816162496,
        5.6717832349757895,
        19.427701834729636,
        15.827921164315132,
        21.25411205728873,
        6.469205623047087,
        9.428709424633778,
        23.35204693137101,
        13.217131519044706
      ],
      "stratified": {
        "true_mae": 14.874574845063153,
        "false_mae": 11.263073207765116,
        "per_panel": {
          "ECO_PCT01K": 11.263073207765116,
          "PCK02K": 19.222561816162496,
          "PCL01K": 5.6717832349757895,
          "PCL02K": 19.427701834729636,
          "PCT01K": 15.827921164315132,
          "PG02K": 21.25411205728873,
          "PG03K": 6.469205623047087,
          "PG04K": 9.428709424633778,
          "PL01K": 23.35204693137101,
          "PS01K": 13.217131519044706
        }
      }
    },
    "baseline": {
      "cv_mae": 22.344780219780223,
      "fold_maes": [
        15.321428571428571,
        28.192307692307693,
        17.03809523809524,
        28.0,
        17.53846153846154,
        30.904761904761905,
        18.614285714285717,
        20.076923076923077,
        31.87692307692308,
        15.884615384615385
      ],
      "stratified": {
        "true_mae": 23.125152625152626,
        "false_mae": 15.321428571428571,
        "per_panel": {
          "ECO_PCT01K": 15.321428571428571,
          "PCK02K": 28.192307692307693,
          "PCL01K": 17.03809523809524,
          "PCL02K": 28.0,
          "PCT01K": 17.53846153846154,
          "PG02K": 30.904761904761905,
          "PG03K": 18.614285714285717,
          "PG04K": 20.076923076923077,
          "PL01K": 31.87692307692308,
          "PS01K": 15.884615384615385
        }
      }
    }
  }
}