{
  "name": "general",
  "champion": "catboost",
  "extra_cols": [],
  "design_cols": [
    "largura_painel_mm",
    "altura_painel_mm",
    "profundidade_painel_mm",
    "largura_perfil_mm",
    "espessura_perfil_mm",
    "num_montantes",
    "num_raias",
    "comprimento_montante_mm",
    "comprimento_raia_mm",
    "num_furos_raia",
    "num_placas_por_face",
    "perimetro_placa_total_mm",
    "perimetro_placa_maior_mm",
    "espessura_placa_mm",
    "micro_op_num_1",
    "micro_op_num_2",
    "micro_op_num_3",
    "micro_op_num_4",
    "micro_op_num_5",
    "micro_op_num_6",
    "micro_op_num_7",
    "micro_op_num_8",
    "micro_op_num_9",
    "micro_op_num_10",
    "micro_op_num_11",
    "micro_op_num_12",
    "micro_op_num_13",
    "micro_op_num_14",
    "micro_op_num_15",
    "micro_op_num_16"
  ],
  "conformal": {
    "q80": {
      "__global__": 0.3000177473544838,
      "1": 0.2816744376625816,
      "2": 0.29173777646093074,
      "3": 0.3084097194027198,
      "4": 0.3100294157951082,
      "5": 0.2780701921778122,
      "6": 0.2992936858256159,
      "7": 0.32275273619140593,
      "8": 0.3260851825012355,
      "9": 0.2718607220533803,
      "10": 0.2968527515005347,
      "11": 0.2996067177020796,
      "12": 0.2764244892109575,
      "13": 0.31266312507656324,
      "14": 0.3025251707842152,
      "15": 0.6642176958725446,
      "16": 0.23745958762860567
    },
    "q90": {
      "__global__": 0.43969802628189975,
      "1": 0.42041528994381755,
      "2": 0.416878608399261,
      "3": 0.41607892456892326,
      "4": 0.4534468835788899,
      "5": 0.3674779636222328,
      "6": 0.43182331693810905,
      "7": 0.4776455265775916,
      "8": 0.4837494066373792,
      "9": 0.3919400480484068,
      "10": 0.48121933164360825,
      "11": 0.4102068422343939,
      "12": 0.44474590347339943,
      "13": 0.4139750092027119,
      "14": 0.4594248817899913,
      "15": 0.7775840239292575,
      "16": 0.36216558582655134
    }
  },
  "noise_floor": {
    "mae": 5.162970975078007,
    "cv_median_pct": 19.312369876063475,
    "n_pairs": 3868
  },
  "lopo_mae": 6.339320833843333,
  "n_train_obs": 3870
}